{"cameraMode":{"drawMode":0,"name":"Shaded","section":"Shading Mode"},"sceneLighting":true,"audioPlay":false,"sceneViewState":{"showFog":false,"showMaterialUpdate":false,"showSkybox":false,"showFlares":false,"showImageEffects":false,"showParticleSystems":false},"in2DMode":false,"pivot":{"x":96.1399154663086,"y":349.3631896972656,"z":-14.088160514831543},"rotation":{"x":-0.21660245954990388,"y":-0.3294375240802765,"z":-0.07775674015283585,"w":0.9157821536064148},"size":105.99630737304688,"orthographic":false}