{"cameraMode":{"drawMode":0,"name":"Shaded","section":"Shading Mode"},"sceneLighting":false,"audioPlay":false,"sceneViewState":{"showFog":false,"showMaterialUpdate":false,"showSkybox":false,"showFlares":false,"showImageEffects":false,"showParticleSystems":false},"in2DMode":false,"pivot":{"x":452.9248962402344,"y":205.91773986816407,"z":0.14817047119140626},"rotation":{"x":0.04677689075469971,"y":-0.01856178417801857,"z":0.0008844166877679527,"w":0.9987673759460449},"size":10.0,"orthographic":false}