{"cameraMode":{"drawMode":0,"name":"Shaded","section":"Shading Mode"},"sceneLighting":true,"audioPlay":false,"sceneViewState":{"showFog":true,"showMaterialUpdate":false,"showSkybox":true,"showFlares":true,"showImageEffects":true,"showParticleSystems":true},"in2DMode":false,"pivot":{"x":563.4999389648438,"y":86.82943725585938,"z":0.0},"rotation":{"x":-0.08937006443738938,"y":0.007414477411657572,"z":-0.0003751594922505319,"w":-0.9969930052757263},"size":151.5616455078125,"orthographic":false}