{"cameraMode":{"drawMode":2,"name":"Shaded Wireframe","section":"Shading Mode"},"sceneLighting":false,"audioPlay":false,"sceneViewState":{"showFog":true,"showMaterialUpdate":false,"showSkybox":false,"showFlares":true,"showImageEffects":true,"showParticleSystems":true},"in2DMode":false,"pivot":{"x":-8.92587947845459,"y":2.112546443939209,"z":-7.6627397537231449},"rotation":{"x":0.021796992048621179,"y":-0.14378473162651063,"z":-0.0044321627356112,"w":-0.9896955490112305},"size":0.4496065378189087,"orthographic":false}