{"cameraMode":{"drawMode":2,"name":"Shaded Wireframe","section":"Shading Mode"},"sceneLighting":false,"audioPlay":false,"sceneViewState":{"showFog":true,"showMaterialUpdate":false,"showSkybox":false,"showFlares":true,"showImageEffects":true,"showParticleSystems":true},"in2DMode":false,"pivot":{"x":0.2628481388092041,"y":0.4117692708969116,"z":1.676900029182434},"rotation":{"x":0.031870823353528979,"y":0.9319486618041992,"z":-0.08054985105991364,"w":0.3529849648475647},"size":0.44473087787628176,"orthographic":false}