{"cameraMode":{"drawMode":2,"name":"Shaded Wireframe","section":"Shading Mode"},"sceneLighting":true,"audioPlay":false,"sceneViewState":{"showFog":true,"showMaterialUpdate":false,"showSkybox":true,"showFlares":true,"showImageEffects":true,"showParticleSystems":true},"in2DMode":false,"pivot":{"x":-18.67780876159668,"y":0.5747576355934143,"z":-19.95836639404297},"rotation":{"x":-0.00207465048879385,"y":0.9858972430229187,"z":-0.16418857872486115,"w":-0.06744879484176636},"size":11.713719367980957,"orthographic":false}