{"cameraMode":{"drawMode":0,"name":"Shaded","section":"Shading Mode"},"sceneLighting":true,"audioPlay":false,"sceneViewState":{"showFog":true,"showMaterialUpdate":false,"showSkybox":true,"showFlares":true,"showImageEffects":true,"showParticleSystems":true},"in2DMode":false,"pivot":{"x":-1.1005840301513672,"y":2.281968593597412,"z":-1.4244580268859864},"rotation":{"x":-0.08796095848083496,"y":0.8307914137840271,"z":-0.13732202351093293,"w":-0.5321579575538635},"size":6.56602668762207,"orthographic":false}